"","NEGERI","variable","value"
"1","PERLIS","Minggu.1",NA
"2","KEDAH","Minggu.1",NA
"3","PULAU PINANG","Minggu.1",NA
"4","PERAK","Minggu.1",NA
"5","SELANGOR","Minggu.1",NA
"6","WPKL/PUTRAJAYA","Minggu.1",NA
"7","N.SEMBILAN","Minggu.1",NA
"8","MELAKA","Minggu.1",NA
"9","JOHOR","Minggu.1",NA
"10","PAHANG","Minggu.1",NA
"11","TERENGGANU","Minggu.1",NA
"12","KELANTAN","Minggu.1",NA
"13","SARAWAK","Minggu.1",NA
"14","SABAH","Minggu.1",NA
"15","LABUAN","Minggu.1",NA
"16","PERLIS","Minggu.2",NA
"17","KEDAH","Minggu.2",NA
"18","PULAU PINANG","Minggu.2",NA
"19","PERAK","Minggu.2",NA
"20","SELANGOR","Minggu.2",NA
"21","WPKL/PUTRAJAYA","Minggu.2",NA
"22","N.SEMBILAN","Minggu.2",NA
"23","MELAKA","Minggu.2",NA
"24","JOHOR","Minggu.2",NA
"25","PAHANG","Minggu.2",NA
"26","TERENGGANU","Minggu.2",NA
"27","KELANTAN","Minggu.2",NA
"28","SARAWAK","Minggu.2",NA
"29","SABAH","Minggu.2",NA
"30","LABUAN","Minggu.2",NA
"31","PERLIS","Minggu.3",NA
"32","KEDAH","Minggu.3",NA
"33","PULAU PINANG","Minggu.3",NA
"34","PERAK","Minggu.3",NA
"35","SELANGOR","Minggu.3",NA
"36","WPKL/PUTRAJAYA","Minggu.3",NA
"37","N.SEMBILAN","Minggu.3",NA
"38","MELAKA","Minggu.3",NA
"39","JOHOR","Minggu.3",NA
"40","PAHANG","Minggu.3",NA
"41","TERENGGANU","Minggu.3",NA
"42","KELANTAN","Minggu.3",NA
"43","SARAWAK","Minggu.3",NA
"44","SABAH","Minggu.3",NA
"45","LABUAN","Minggu.3",NA
"46","PERLIS","Minggu.4",NA
"47","KEDAH","Minggu.4",NA
"48","PULAU PINANG","Minggu.4",NA
"49","PERAK","Minggu.4",NA
"50","SELANGOR","Minggu.4",NA
"51","WPKL/PUTRAJAYA","Minggu.4",NA
"52","N.SEMBILAN","Minggu.4",NA
"53","MELAKA","Minggu.4",NA
"54","JOHOR","Minggu.4",NA
"55","PAHANG","Minggu.4",NA
"56","TERENGGANU","Minggu.4",NA
"57","KELANTAN","Minggu.4",NA
"58","SARAWAK","Minggu.4",NA
"59","SABAH","Minggu.4",NA
"60","LABUAN","Minggu.4",NA
"61","PERLIS","Minggu.5",NA
"62","KEDAH","Minggu.5",NA
"63","PULAU PINANG","Minggu.5",NA
"64","PERAK","Minggu.5",NA
"65","SELANGOR","Minggu.5",NA
"66","WPKL/PUTRAJAYA","Minggu.5",NA
"67","N.SEMBILAN","Minggu.5",NA
"68","MELAKA","Minggu.5",NA
"69","JOHOR","Minggu.5",NA
"70","PAHANG","Minggu.5",NA
"71","TERENGGANU","Minggu.5",NA
"72","KELANTAN","Minggu.5",NA
"73","SARAWAK","Minggu.5",NA
"74","SABAH","Minggu.5",NA
"75","LABUAN","Minggu.5",NA
"76","PERLIS","Minggu.6",NA
"77","KEDAH","Minggu.6",NA
"78","PULAU PINANG","Minggu.6",NA
"79","PERAK","Minggu.6",NA
"80","SELANGOR","Minggu.6",NA
"81","WPKL/PUTRAJAYA","Minggu.6",NA
"82","N.SEMBILAN","Minggu.6",NA
"83","MELAKA","Minggu.6",NA
"84","JOHOR","Minggu.6",NA
"85","PAHANG","Minggu.6",NA
"86","TERENGGANU","Minggu.6",NA
"87","KELANTAN","Minggu.6",NA
"88","SARAWAK","Minggu.6",NA
"89","SABAH","Minggu.6",NA
"90","LABUAN","Minggu.6",NA
"91","PERLIS","Minggu.7",NA
"92","KEDAH","Minggu.7",NA
"93","PULAU PINANG","Minggu.7",NA
"94","PERAK","Minggu.7",NA
"95","SELANGOR","Minggu.7",NA
"96","WPKL/PUTRAJAYA","Minggu.7",NA
"97","N.SEMBILAN","Minggu.7",NA
"98","MELAKA","Minggu.7",NA
"99","JOHOR","Minggu.7",NA
"100","PAHANG","Minggu.7",NA
"101","TERENGGANU","Minggu.7",NA
"102","KELANTAN","Minggu.7",NA
"103","SARAWAK","Minggu.7",NA
"104","SABAH","Minggu.7",NA
"105","LABUAN","Minggu.7",NA
"106","PERLIS","Minggu.8",2
"107","KEDAH","Minggu.8",4
"108","PULAU PINANG","Minggu.8",34
"109","PERAK","Minggu.8",36
"110","SELANGOR","Minggu.8",583
"111","WPKL/PUTRAJAYA","Minggu.8",116
"112","N.SEMBILAN","Minggu.8",50
"113","MELAKA","Minggu.8",7
"114","JOHOR","Minggu.8",50
"115","PAHANG","Minggu.8",31
"116","TERENGGANU","Minggu.8",28
"117","KELANTAN","Minggu.8",18
"118","SARAWAK","Minggu.8",114
"119","SABAH","Minggu.8",48
"120","LABUAN","Minggu.8",0
"121","PERLIS","Minggu.9",4
"122","KEDAH","Minggu.9",14
"123","PULAU PINANG","Minggu.9",23
"124","PERAK","Minggu.9",65
"125","SELANGOR","Minggu.9",496
"126","WPKL/PUTRAJAYA","Minggu.9",154
"127","N.SEMBILAN","Minggu.9",31
"128","MELAKA","Minggu.9",4
"129","JOHOR","Minggu.9",45
"130","PAHANG","Minggu.9",38
"131","TERENGGANU","Minggu.9",23
"132","KELANTAN","Minggu.9",28
"133","SARAWAK","Minggu.9",100
"134","SABAH","Minggu.9",49
"135","LABUAN","Minggu.9",0
"136","PERLIS","Minggu.10",0
"137","KEDAH","Minggu.10",9
"138","PULAU PINANG","Minggu.10",24
"139","PERAK","Minggu.10",46
"140","SELANGOR","Minggu.10",467
"141","WPKL/PUTRAJAYA","Minggu.10",169
"142","N.SEMBILAN","Minggu.10",32
"143","MELAKA","Minggu.10",10
"144","JOHOR","Minggu.10",59
"145","PAHANG","Minggu.10",33
"146","TERENGGANU","Minggu.10",18
"147","KELANTAN","Minggu.10",27
"148","SARAWAK","Minggu.10",106
"149","SABAH","Minggu.10",39
"150","LABUAN","Minggu.10",0
"151","PERLIS","Minggu.11",1
"152","KEDAH","Minggu.11",12
"153","PULAU PINANG","Minggu.11",18
"154","PERAK","Minggu.11",31
"155","SELANGOR","Minggu.11",447
"156","WPKL/PUTRAJAYA","Minggu.11",140
"157","N.SEMBILAN","Minggu.11",25
"158","MELAKA","Minggu.11",11
"159","JOHOR","Minggu.11",53
"160","PAHANG","Minggu.11",21
"161","TERENGGANU","Minggu.11",15
"162","KELANTAN","Minggu.11",23
"163","SARAWAK","Minggu.11",72
"164","SABAH","Minggu.11",29
"165","LABUAN","Minggu.11",0
"166","PERLIS","Minggu.12",1
"167","KEDAH","Minggu.12",15
"168","PULAU PINANG","Minggu.12",14
"169","PERAK","Minggu.12",27
"170","SELANGOR","Minggu.12",381
"171","WPKL/PUTRAJAYA","Minggu.12",107
"172","N.SEMBILAN","Minggu.12",20
"173","MELAKA","Minggu.12",6
"174","JOHOR","Minggu.12",51
"175","PAHANG","Minggu.12",28
"176","TERENGGANU","Minggu.12",12
"177","KELANTAN","Minggu.12",35
"178","SARAWAK","Minggu.12",87
"179","SABAH","Minggu.12",13
"180","LABUAN","Minggu.12",0
"181","PERLIS","Minggu.13",1
"182","KEDAH","Minggu.13",12
"183","PULAU PINANG","Minggu.13",18
"184","PERAK","Minggu.13",40
"185","SELANGOR","Minggu.13",425
"186","WPKL/PUTRAJAYA","Minggu.13",94
"187","N.SEMBILAN","Minggu.13",23
"188","MELAKA","Minggu.13",11
"189","JOHOR","Minggu.13",66
"190","PAHANG","Minggu.13",19
"191","TERENGGANU","Minggu.13",13
"192","KELANTAN","Minggu.13",21
"193","SARAWAK","Minggu.13",55
"194","SABAH","Minggu.13",25
"195","LABUAN","Minggu.13",0
"196","PERLIS","Minggu.14",5
"197","KEDAH","Minggu.14",24
"198","PULAU PINANG","Minggu.14",14
"199","PERAK","Minggu.14",49
"200","SELANGOR","Minggu.14",460
"201","WPKL/PUTRAJAYA","Minggu.14",106
"202","N.SEMBILAN","Minggu.14",24
"203","MELAKA","Minggu.14",12
"204","JOHOR","Minggu.14",55
"205","PAHANG","Minggu.14",24
"206","TERENGGANU","Minggu.14",15
"207","KELANTAN","Minggu.14",21
"208","SARAWAK","Minggu.14",51
"209","SABAH","Minggu.14",26
"210","LABUAN","Minggu.14",0
"211","PERLIS","Minggu.15",1
"212","KEDAH","Minggu.15",21
"213","PULAU PINANG","Minggu.15",21
"214","PERAK","Minggu.15",29
"215","SELANGOR","Minggu.15",459
"216","WPKL/PUTRAJAYA","Minggu.15",109
"217","N.SEMBILAN","Minggu.15",25
"218","MELAKA","Minggu.15",11
"219","JOHOR","Minggu.15",79
"220","PAHANG","Minggu.15",17
"221","TERENGGANU","Minggu.15",18
"222","KELANTAN","Minggu.15",38
"223","SARAWAK","Minggu.15",66
"224","SABAH","Minggu.15",19
"225","LABUAN","Minggu.15",1
"226","PERLIS","Minggu.16",4
"227","KEDAH","Minggu.16",18
"228","PULAU PINANG","Minggu.16",18
"229","PERAK","Minggu.16",38
"230","SELANGOR","Minggu.16",441
"231","WPKL/PUTRAJAYA","Minggu.16",138
"232","N.SEMBILAN","Minggu.16",37
"233","MELAKA","Minggu.16",18
"234","JOHOR","Minggu.16",50
"235","PAHANG","Minggu.16",13
"236","TERENGGANU","Minggu.16",17
"237","KELANTAN","Minggu.16",29
"238","SARAWAK","Minggu.16",42
"239","SABAH","Minggu.16",22
"240","LABUAN","Minggu.16",0
"241","PERLIS","Minggu.17",2
"242","KEDAH","Minggu.17",18
"243","PULAU PINANG","Minggu.17",17
"244","PERAK","Minggu.17",40
"245","SELANGOR","Minggu.17",329
"246","WPKL/PUTRAJAYA","Minggu.17",119
"247","N.SEMBILAN","Minggu.17",51
"248","MELAKA","Minggu.17",16
"249","JOHOR","Minggu.17",62
"250","PAHANG","Minggu.17",20
"251","TERENGGANU","Minggu.17",12
"252","KELANTAN","Minggu.17",31
"253","SARAWAK","Minggu.17",55
"254","SABAH","Minggu.17",18
"255","LABUAN","Minggu.17",0
"256","PERLIS","Minggu.18",4
"257","KEDAH","Minggu.18",23
"258","PULAU PINANG","Minggu.18",17
"259","PERAK","Minggu.18",38
"260","SELANGOR","Minggu.18",301
"261","WPKL/PUTRAJAYA","Minggu.18",92
"262","N.SEMBILAN","Minggu.18",42
"263","MELAKA","Minggu.18",10
"264","JOHOR","Minggu.18",88
"265","PAHANG","Minggu.18",15
"266","TERENGGANU","Minggu.18",11
"267","KELANTAN","Minggu.18",35
"268","SARAWAK","Minggu.18",47
"269","SABAH","Minggu.18",37
"270","LABUAN","Minggu.18",0
"271","PERLIS","Minggu.19",4
"272","KEDAH","Minggu.19",21
"273","PULAU PINANG","Minggu.19",18
"274","PERAK","Minggu.19",33
"275","SELANGOR","Minggu.19",337
"276","WPKL/PUTRAJAYA","Minggu.19",91
"277","N.SEMBILAN","Minggu.19",51
"278","MELAKA","Minggu.19",15
"279","JOHOR","Minggu.19",53
"280","PAHANG","Minggu.19",17
"281","TERENGGANU","Minggu.19",15
"282","KELANTAN","Minggu.19",32
"283","SARAWAK","Minggu.19",44
"284","SABAH","Minggu.19",35
"285","LABUAN","Minggu.19",0
"286","PERLIS","Minggu.20",6
"287","KEDAH","Minggu.20",19
"288","PULAU PINANG","Minggu.20",27
"289","PERAK","Minggu.20",37
"290","SELANGOR","Minggu.20",370
"291","WPKL/PUTRAJAYA","Minggu.20",71
"292","N.SEMBILAN","Minggu.20",56
"293","MELAKA","Minggu.20",18
"294","JOHOR","Minggu.20",61
"295","PAHANG","Minggu.20",14
"296","TERENGGANU","Minggu.20",22
"297","KELANTAN","Minggu.20",32
"298","SARAWAK","Minggu.20",48
"299","SABAH","Minggu.20",53
"300","LABUAN","Minggu.20",0
"301","PERLIS","Minggu.21",3
"302","KEDAH","Minggu.21",33
"303","PULAU PINANG","Minggu.21",21
"304","PERAK","Minggu.21",38
"305","SELANGOR","Minggu.21",287
"306","WPKL/PUTRAJAYA","Minggu.21",81
"307","N.SEMBILAN","Minggu.21",40
"308","MELAKA","Minggu.21",17
"309","JOHOR","Minggu.21",90
"310","PAHANG","Minggu.21",34
"311","TERENGGANU","Minggu.21",15
"312","KELANTAN","Minggu.21",45
"313","SARAWAK","Minggu.21",46
"314","SABAH","Minggu.21",39
"315","LABUAN","Minggu.21",0
"316","PERLIS","Minggu.22",2
"317","KEDAH","Minggu.22",25
"318","PULAU PINANG","Minggu.22",21
"319","PERAK","Minggu.22",54
"320","SELANGOR","Minggu.22",311
"321","WPKL/PUTRAJAYA","Minggu.22",83
"322","N.SEMBILAN","Minggu.22",50
"323","MELAKA","Minggu.22",14
"324","JOHOR","Minggu.22",96
"325","PAHANG","Minggu.22",27
"326","TERENGGANU","Minggu.22",11
"327","KELANTAN","Minggu.22",33
"328","SARAWAK","Minggu.22",44
"329","SABAH","Minggu.22",43
"330","LABUAN","Minggu.22",0
"331","PERLIS","Minggu.23",5
"332","KEDAH","Minggu.23",17
"333","PULAU PINANG","Minggu.23",23
"334","PERAK","Minggu.23",78
"335","SELANGOR","Minggu.23",286
"336","WPKL/PUTRAJAYA","Minggu.23",66
"337","N.SEMBILAN","Minggu.23",70
"338","MELAKA","Minggu.23",13
"339","JOHOR","Minggu.23",91
"340","PAHANG","Minggu.23",57
"341","TERENGGANU","Minggu.23",7
"342","KELANTAN","Minggu.23",32
"343","SARAWAK","Minggu.23",54
"344","SABAH","Minggu.23",91
"345","LABUAN","Minggu.23",1
"346","PERLIS","Minggu.24",3
"347","KEDAH","Minggu.24",14
"348","PULAU PINANG","Minggu.24",31
"349","PERAK","Minggu.24",66
"350","SELANGOR","Minggu.24",325
"351","WPKL/PUTRAJAYA","Minggu.24",76
"352","N.SEMBILAN","Minggu.24",65
"353","MELAKA","Minggu.24",13
"354","JOHOR","Minggu.24",113
"355","PAHANG","Minggu.24",44
"356","TERENGGANU","Minggu.24",16
"357","KELANTAN","Minggu.24",40
"358","SARAWAK","Minggu.24",57
"359","SABAH","Minggu.24",77
"360","LABUAN","Minggu.24",2
"361","PERLIS","Minggu.25",2
"362","KEDAH","Minggu.25",18
"363","PULAU PINANG","Minggu.25",23
"364","PERAK","Minggu.25",78
"365","SELANGOR","Minggu.25",332
"366","WPKL/PUTRAJAYA","Minggu.25",74
"367","N.SEMBILAN","Minggu.25",35
"368","MELAKA","Minggu.25",31
"369","JOHOR","Minggu.25",79
"370","PAHANG","Minggu.25",53
"371","TERENGGANU","Minggu.25",13
"372","KELANTAN","Minggu.25",64
"373","SARAWAK","Minggu.25",60
"374","SABAH","Minggu.25",76
"375","LABUAN","Minggu.25",0
"376","PERLIS","Minggu.26",5
"377","KEDAH","Minggu.26",22
"378","PULAU PINANG","Minggu.26",40
"379","PERAK","Minggu.26",63
"380","SELANGOR","Minggu.26",381
"381","WPKL/PUTRAJAYA","Minggu.26",73
"382","N.SEMBILAN","Minggu.26",36
"383","MELAKA","Minggu.26",25
"384","JOHOR","Minggu.26",144
"385","PAHANG","Minggu.26",40
"386","TERENGGANU","Minggu.26",12
"387","KELANTAN","Minggu.26",67
"388","SARAWAK","Minggu.26",70
"389","SABAH","Minggu.26",71
"390","LABUAN","Minggu.26",2
"391","PERLIS","Minggu.27",0
"392","KEDAH","Minggu.27",19
"393","PULAU PINANG","Minggu.27",34
"394","PERAK","Minggu.27",56
"395","SELANGOR","Minggu.27",346
"396","WPKL/PUTRAJAYA","Minggu.27",84
"397","N.SEMBILAN","Minggu.27",29
"398","MELAKA","Minggu.27",20
"399","JOHOR","Minggu.27",129
"400","PAHANG","Minggu.27",35
"401","TERENGGANU","Minggu.27",17
"402","KELANTAN","Minggu.27",81
"403","SARAWAK","Minggu.27",156
"404","SABAH","Minggu.27",55
"405","LABUAN","Minggu.27",0
"406","PERLIS","Minggu.28",7
"407","KEDAH","Minggu.28",20
"408","PULAU PINANG","Minggu.28",38
"409","PERAK","Minggu.28",38
"410","SELANGOR","Minggu.28",307
"411","WPKL/PUTRAJAYA","Minggu.28",89
"412","N.SEMBILAN","Minggu.28",36
"413","MELAKA","Minggu.28",26
"414","JOHOR","Minggu.28",131
"415","PAHANG","Minggu.28",34
"416","TERENGGANU","Minggu.28",25
"417","KELANTAN","Minggu.28",89
"418","SARAWAK","Minggu.28",146
"419","SABAH","Minggu.28",57
"420","LABUAN","Minggu.28",0
"421","PERLIS","Minggu.29",7
"422","KEDAH","Minggu.29",16
"423","PULAU PINANG","Minggu.29",48
"424","PERAK","Minggu.29",93
"425","SELANGOR","Minggu.29",289
"426","WPKL/PUTRAJAYA","Minggu.29",82
"427","N.SEMBILAN","Minggu.29",28
"428","MELAKA","Minggu.29",18
"429","JOHOR","Minggu.29",105
"430","PAHANG","Minggu.29",47
"431","TERENGGANU","Minggu.29",20
"432","KELANTAN","Minggu.29",131
"433","SARAWAK","Minggu.29",137
"434","SABAH","Minggu.29",50
"435","LABUAN","Minggu.29",0
"436","PERLIS","Minggu.30",9
"437","KEDAH","Minggu.30",21
"438","PULAU PINANG","Minggu.30",39
"439","PERAK","Minggu.30",65
"440","SELANGOR","Minggu.30",323
"441","WPKL/PUTRAJAYA","Minggu.30",89
"442","N.SEMBILAN","Minggu.30",15
"443","MELAKA","Minggu.30",16
"444","JOHOR","Minggu.30",101
"445","PAHANG","Minggu.30",39
"446","TERENGGANU","Minggu.30",19
"447","KELANTAN","Minggu.30",176
"448","SARAWAK","Minggu.30",127
"449","SABAH","Minggu.30",62
"450","LABUAN","Minggu.30",0
"451","PERLIS","Minggu.31.",5
"452","KEDAH","Minggu.31.",14
"453","PULAU PINANG","Minggu.31.",50
"454","PERAK","Minggu.31.",67
"455","SELANGOR","Minggu.31.",241
"456","WPKL/PUTRAJAYA","Minggu.31.",73
"457","N.SEMBILAN","Minggu.31.",19
"458","MELAKA","Minggu.31.",71
"459","JOHOR","Minggu.31.",81
"460","PAHANG","Minggu.31.",39
"461","TERENGGANU","Minggu.31.",26
"462","KELANTAN","Minggu.31.",146
"463","SARAWAK","Minggu.31.",98
"464","SABAH","Minggu.31.",56
"465","LABUAN","Minggu.31.",1
"466","PERLIS","Minggu.32",2
"467","KEDAH","Minggu.32",7
"468","PULAU PINANG","Minggu.32",43
"469","PERAK","Minggu.32",43
"470","SELANGOR","Minggu.32",250
"471","WPKL/PUTRAJAYA","Minggu.32",69
"472","N.SEMBILAN","Minggu.32",16
"473","MELAKA","Minggu.32",80
"474","JOHOR","Minggu.32",77
"475","PAHANG","Minggu.32",35
"476","TERENGGANU","Minggu.32",19
"477","KELANTAN","Minggu.32",154
"478","SARAWAK","Minggu.32",119
"479","SABAH","Minggu.32",36
"480","LABUAN","Minggu.32",2
"481","PERLIS","Minggu.33",5
"482","KEDAH","Minggu.33",25
"483","PULAU PINANG","Minggu.33",39
"484","PERAK","Minggu.33",74
"485","SELANGOR","Minggu.33",258
"486","WPKL/PUTRAJAYA","Minggu.33",64
"487","N.SEMBILAN","Minggu.33",12
"488","MELAKA","Minggu.33",98
"489","JOHOR","Minggu.33",87
"490","PAHANG","Minggu.33",36
"491","TERENGGANU","Minggu.33",42
"492","KELANTAN","Minggu.33",200
"493","SARAWAK","Minggu.33",94
"494","SABAH","Minggu.33",40
"495","LABUAN","Minggu.33",0
"496","PERLIS","Minggu.34",10
"497","KEDAH","Minggu.34",26
"498","PULAU PINANG","Minggu.34",50
"499","PERAK","Minggu.34",63
"500","SELANGOR","Minggu.34",223
"501","WPKL/PUTRAJAYA","Minggu.34",75
"502","N.SEMBILAN","Minggu.34",13
"503","MELAKA","Minggu.34",84
"504","JOHOR","Minggu.34",121
"505","PAHANG","Minggu.34",32
"506","TERENGGANU","Minggu.34",48
"507","KELANTAN","Minggu.34",257
"508","SARAWAK","Minggu.34",102
"509","SABAH","Minggu.34",55
"510","LABUAN","Minggu.34",0
"511","PERLIS","Minggu.35",9
"512","KEDAH","Minggu.35",13
"513","PULAU PINANG","Minggu.35",66
"514","PERAK","Minggu.35",58
"515","SELANGOR","Minggu.35",236
"516","WPKL/PUTRAJAYA","Minggu.35",51
"517","N.SEMBILAN","Minggu.35",9
"518","MELAKA","Minggu.35",43
"519","JOHOR","Minggu.35",149
"520","PAHANG","Minggu.35",30
"521","TERENGGANU","Minggu.35",42
"522","KELANTAN","Minggu.35",307
"523","SARAWAK","Minggu.35",77
"524","SABAH","Minggu.35",54
"525","LABUAN","Minggu.35",0
"526","PERLIS","Minggu.36",5
"527","KEDAH","Minggu.36",6
"528","PULAU PINANG","Minggu.36",54
"529","PERAK","Minggu.36",41
"530","SELANGOR","Minggu.36",186
"531","WPKL/PUTRAJAYA","Minggu.36",55
"532","N.SEMBILAN","Minggu.36",9
"533","MELAKA","Minggu.36",36
"534","JOHOR","Minggu.36",114
"535","PAHANG","Minggu.36",16
"536","TERENGGANU","Minggu.36",57
"537","KELANTAN","Minggu.36",214
"538","SARAWAK","Minggu.36",67
"539","SABAH","Minggu.36",38
"540","LABUAN","Minggu.36",0
"541","PERLIS","Minggu.37",7
"542","KEDAH","Minggu.37",14
"543","PULAU PINANG","Minggu.37",69
"544","PERAK","Minggu.37",41
"545","SELANGOR","Minggu.37",150
"546","WPKL/PUTRAJAYA","Minggu.37",39
"547","N.SEMBILAN","Minggu.37",9
"548","MELAKA","Minggu.37",46
"549","JOHOR","Minggu.37",107
"550","PAHANG","Minggu.37",16
"551","TERENGGANU","Minggu.37",38
"552","KELANTAN","Minggu.37",169
"553","SARAWAK","Minggu.37",56
"554","SABAH","Minggu.37",42
"555","LABUAN","Minggu.37",0
"556","PERLIS","Minggu.38",5
"557","KEDAH","Minggu.38",14
"558","PULAU PINANG","Minggu.38",51
"559","PERAK","Minggu.38",55
"560","SELANGOR","Minggu.38",242
"561","WPKL/PUTRAJAYA","Minggu.38",53
"562","N.SEMBILAN","Minggu.38",10
"563","MELAKA","Minggu.38",62
"564","JOHOR","Minggu.38",137
"565","PAHANG","Minggu.38",31
"566","TERENGGANU","Minggu.38",47
"567","KELANTAN","Minggu.38",163
"568","SARAWAK","Minggu.38",66
"569","SABAH","Minggu.38",37
"570","LABUAN","Minggu.38",0
"571","PERLIS","Minggu.39",7
"572","KEDAH","Minggu.39",11
"573","PULAU PINANG","Minggu.39",62
"574","PERAK","Minggu.39",48
"575","SELANGOR","Minggu.39",190
"576","WPKL/PUTRAJAYA","Minggu.39",69
"577","N.SEMBILAN","Minggu.39",11
"578","MELAKA","Minggu.39",63
"579","JOHOR","Minggu.39",118
"580","PAHANG","Minggu.39",38
"581","TERENGGANU","Minggu.39",64
"582","KELANTAN","Minggu.39",132
"583","SARAWAK","Minggu.39",67
"584","SABAH","Minggu.39",33
"585","LABUAN","Minggu.39",0
"586","PERLIS","Minggu.40",4
"587","KEDAH","Minggu.40",13
"588","PULAU PINANG","Minggu.40",51
"589","PERAK","Minggu.40",40
"590","SELANGOR","Minggu.40",181
"591","WPKL/PUTRAJAYA","Minggu.40",52
"592","N.SEMBILAN","Minggu.40",10
"593","MELAKA","Minggu.40",66
"594","JOHOR","Minggu.40",151
"595","PAHANG","Minggu.40",30
"596","TERENGGANU","Minggu.40",99
"597","KELANTAN","Minggu.40",101
"598","SARAWAK","Minggu.40",69
"599","SABAH","Minggu.40",44
"600","LABUAN","Minggu.40",0
"601","PERLIS","Minggu.41",8
"602","KEDAH","Minggu.41",20
"603","PULAU PINANG","Minggu.41",62
"604","PERAK","Minggu.41",41
"605","SELANGOR","Minggu.41",190
"606","WPKL/PUTRAJAYA","Minggu.41",77
"607","N.SEMBILAN","Minggu.41",10
"608","MELAKA","Minggu.41",61
"609","JOHOR","Minggu.41",135
"610","PAHANG","Minggu.41",40
"611","TERENGGANU","Minggu.41",105
"612","KELANTAN","Minggu.41",98
"613","SARAWAK","Minggu.41",61
"614","SABAH","Minggu.41",26
"615","LABUAN","Minggu.41",0
"616","PERLIS","Minggu.42",12
"617","KEDAH","Minggu.42",14
"618","PULAU PINANG","Minggu.42",48
"619","PERAK","Minggu.42",47
"620","SELANGOR","Minggu.42",227
"621","WPKL/PUTRAJAYA","Minggu.42",72
"622","N.SEMBILAN","Minggu.42",9
"623","MELAKA","Minggu.42",53
"624","JOHOR","Minggu.42",142
"625","PAHANG","Minggu.42",42
"626","TERENGGANU","Minggu.42",62
"627","KELANTAN","Minggu.42",64
"628","SARAWAK","Minggu.42",65
"629","SABAH","Minggu.42",31
"630","LABUAN","Minggu.42",0
"631","PERLIS","Minggu.43",6
"632","KEDAH","Minggu.43",17
"633","PULAU PINANG","Minggu.43",41
"634","PERAK","Minggu.43",51
"635","SELANGOR","Minggu.43",246
"636","WPKL/PUTRAJAYA","Minggu.43",74
"637","N.SEMBILAN","Minggu.43",9
"638","MELAKA","Minggu.43",53
"639","JOHOR","Minggu.43",123
"640","PAHANG","Minggu.43",36
"641","TERENGGANU","Minggu.43",38
"642","KELANTAN","Minggu.43",54
"643","SARAWAK","Minggu.43",42
"644","SABAH","Minggu.43",17
"645","LABUAN","Minggu.43",0
"646","PERLIS","Minggu.44",0
"647","KEDAH","Minggu.44",6
"648","PULAU PINANG","Minggu.44",31
"649","PERAK","Minggu.44",39
"650","SELANGOR","Minggu.44",198
"651","WPKL/PUTRAJAYA","Minggu.44",71
"652","N.SEMBILAN","Minggu.44",9
"653","MELAKA","Minggu.44",42
"654","JOHOR","Minggu.44",77
"655","PAHANG","Minggu.44",37
"656","TERENGGANU","Minggu.44",46
"657","KELANTAN","Minggu.44",38
"658","SARAWAK","Minggu.44",57
"659","SABAH","Minggu.44",29
"660","LABUAN","Minggu.44",1
"661","PERLIS","Minggu.45",6
"662","KEDAH","Minggu.45",11
"663","PULAU PINANG","Minggu.45",43
"664","PERAK","Minggu.45",36
"665","SELANGOR","Minggu.45",217
"666","WPKL/PUTRAJAYA","Minggu.45",61
"667","N.SEMBILAN","Minggu.45",10
"668","MELAKA","Minggu.45",39
"669","JOHOR","Minggu.45",86
"670","PAHANG","Minggu.45",35
"671","TERENGGANU","Minggu.45",34
"672","KELANTAN","Minggu.45",36
"673","SARAWAK","Minggu.45",48
"674","SABAH","Minggu.45",22
"675","LABUAN","Minggu.45",0
"676","PERLIS","Minggu.46",6
"677","KEDAH","Minggu.46",10
"678","PULAU PINANG","Minggu.46",43
"679","PERAK","Minggu.46",28
"680","SELANGOR","Minggu.46",167
"681","WPKL/PUTRAJAYA","Minggu.46",45
"682","N.SEMBILAN","Minggu.46",9
"683","MELAKA","Minggu.46",40
"684","JOHOR","Minggu.46",72
"685","PAHANG","Minggu.46",47
"686","TERENGGANU","Minggu.46",24
"687","KELANTAN","Minggu.46",29
"688","SARAWAK","Minggu.46",49
"689","SABAH","Minggu.46",21
"690","LABUAN","Minggu.46",0
"691","PERLIS","Minggu.47",4
"692","KEDAH","Minggu.47",10
"693","PULAU PINANG","Minggu.47",52
"694","PERAK","Minggu.47",27
"695","SELANGOR","Minggu.47",178
"696","WPKL/PUTRAJAYA","Minggu.47",61
"697","N.SEMBILAN","Minggu.47",12
"698","MELAKA","Minggu.47",32
"699","JOHOR","Minggu.47",70
"700","PAHANG","Minggu.47",58
"701","TERENGGANU","Minggu.47",28
"702","KELANTAN","Minggu.47",28
"703","SARAWAK","Minggu.47",40
"704","SABAH","Minggu.47",29
"705","LABUAN","Minggu.47",0
"706","PERLIS","Minggu.48",2
"707","KEDAH","Minggu.48",18
"708","PULAU PINANG","Minggu.48",38
"709","PERAK","Minggu.48",30
"710","SELANGOR","Minggu.48",186
"711","WPKL/PUTRAJAYA","Minggu.48",43
"712","N.SEMBILAN","Minggu.48",8
"713","MELAKA","Minggu.48",31
"714","JOHOR","Minggu.48",56
"715","PAHANG","Minggu.48",48
"716","TERENGGANU","Minggu.48",29
"717","KELANTAN","Minggu.48",44
"718","SARAWAK","Minggu.48",49
"719","SABAH","Minggu.48",18
"720","LABUAN","Minggu.48",0
"721","PERLIS","Minggu.49",2
"722","KEDAH","Minggu.49",22
"723","PULAU PINANG","Minggu.49",42
"724","PERAK","Minggu.49",20
"725","SELANGOR","Minggu.49",132
"726","WPKL/PUTRAJAYA","Minggu.49",28
"727","N.SEMBILAN","Minggu.49",9
"728","MELAKA","Minggu.49",28
"729","JOHOR","Minggu.49",65
"730","PAHANG","Minggu.49",46
"731","TERENGGANU","Minggu.49",30
"732","KELANTAN","Minggu.49",20
"733","SARAWAK","Minggu.49",38
"734","SABAH","Minggu.49",15
"735","LABUAN","Minggu.49",1
"736","PERLIS","Minggu.50",4
"737","KEDAH","Minggu.50",13
"738","PULAU PINANG","Minggu.50",58
"739","PERAK","Minggu.50",36
"740","SELANGOR","Minggu.50",139
"741","WPKL/PUTRAJAYA","Minggu.50",47
"742","N.SEMBILAN","Minggu.50",6
"743","MELAKA","Minggu.50",17
"744","JOHOR","Minggu.50",58
"745","PAHANG","Minggu.50",51
"746","TERENGGANU","Minggu.50",18
"747","KELANTAN","Minggu.50",28
"748","SARAWAK","Minggu.50",29
"749","SABAH","Minggu.50",19
"750","LABUAN","Minggu.50",1
"751","PERLIS","Minggu.51",4
"752","KEDAH","Minggu.51",9
"753","PULAU PINANG","Minggu.51",42
"754","PERAK","Minggu.51",42
"755","SELANGOR","Minggu.51",178
"756","WPKL/PUTRAJAYA","Minggu.51",39
"757","N.SEMBILAN","Minggu.51",7
"758","MELAKA","Minggu.51",23
"759","JOHOR","Minggu.51",45
"760","PAHANG","Minggu.51",42
"761","TERENGGANU","Minggu.51",23
"762","KELANTAN","Minggu.51",22
"763","SARAWAK","Minggu.51",30
"764","SABAH","Minggu.51",13
"765","LABUAN","Minggu.51",0
"766","PERLIS","Minggu.52",1
"767","KEDAH","Minggu.52",9
"768","PULAU PINANG","Minggu.52",37
"769","PERAK","Minggu.52",40
"770","SELANGOR","Minggu.52",188
"771","WPKL/PUTRAJAYA","Minggu.52",40
"772","N.SEMBILAN","Minggu.52",4
"773","MELAKA","Minggu.52",8
"774","JOHOR","Minggu.52",51
"775","PAHANG","Minggu.52",27
"776","TERENGGANU","Minggu.52",18
"777","KELANTAN","Minggu.52",21
"778","SARAWAK","Minggu.52",29
"779","SABAH","Minggu.52",14
"780","LABUAN","Minggu.52",0
